"","Nummer","Bever","Datum","Camera","Bever_ID","x","y","Opzet","Afbraak","Actief"
"1",1,"Litteken_1",2022-02-22 22:28:00,264,"Litteken_1",3.9793799,51.1173923,2022-02-13 16:00:00,2022-05-12 01:07:00,0
"2",2,"Litteken_1",2022-02-24 22:51:00,264,"Litteken_1",3.9793799,51.1173923,2022-02-13 16:00:00,2022-05-12 01:07:00,0
"3",3,"Litteken_1",2022-02-25 19:42:00,264,"Litteken_1",3.9793799,51.1173923,2022-02-13 16:00:00,2022-05-12 01:07:00,0
"4",4,"Litteken_1",2022-02-17 06:01:00,262,"Litteken_1",3.9803893,51.1184227,2022-02-13 16:00:00,2022-03-22 07:00:00,0
"5",5,"Litteken_1",2022-02-19 02:59:00,262,"Litteken_1",3.9803893,51.1184227,2022-02-13 16:00:00,2022-03-22 07:00:00,0
"6",6,"Litteken_1",2022-02-14 22:07:00,265,"Litteken_1",3.9798371,51.1187962,2022-02-13 16:00:00,2022-05-12 01:00:00,0
"7",7,"Litteken_1",2022-02-14 22:19:00,265,"Litteken_1",3.9798371,51.1187962,2022-02-13 16:00:00,2022-05-12 01:00:00,0
"8",8,"Litteken_1",2022-02-16 06:41:00,265,"Litteken_1",3.9798371,51.1187962,2022-02-13 16:00:00,2022-05-12 01:00:00,0
"9",9,"Litteken_1",2022-02-17 03:00:00,265,"Litteken_1",3.9798371,51.1187962,2022-02-13 16:00:00,2022-05-12 01:00:00,0
"10",10,"Litteken_1",2022-02-18 00:34:00,265,"Litteken_1",3.9798371,51.1187962,2022-02-13 16:00:00,2022-05-12 01:00:00,0
"11",11,"Litteken_1",2022-02-23 22:14:00,265,"Litteken_1",3.9798371,51.1187962,2022-02-13 16:00:00,2022-05-12 01:00:00,0
"12",12,"Litteken_1",2022-02-23 22:29:00,265,"Litteken_1",3.9798371,51.1187962,2022-02-13 16:00:00,2022-05-12 01:00:00,0
"13",13,"Litteken_1",2022-02-24 20:55:00,265,"Litteken_1",3.9798371,51.1187962,2022-02-13 16:00:00,2022-05-12 01:00:00,0
"14",16,"Litteken_1",2022-03-04 03:16:00,265,"Litteken_1",3.9798371,51.1187962,2022-02-13 16:00:00,2022-05-12 01:00:00,0
"15",17,"Litteken_1",2022-03-10 01:49:00,264,"Litteken_1",3.9793799,51.1173923,2022-02-13 16:00:00,2022-05-12 01:07:00,0
"16",18,"Litteken_1",2022-03-05 21:50:00,262,"Litteken_1",3.9803893,51.1184227,2022-02-13 16:00:00,2022-03-22 07:00:00,0
"17",20,"Litteken_1",2022-03-08 20:19:00,262,"Litteken_1",3.9803893,51.1184227,2022-02-13 16:00:00,2022-03-22 07:00:00,0
"18",24,"Litteken_1",2022-03-12 20:20:00,262,"Litteken_1",3.9803893,51.1184227,2022-02-13 16:00:00,2022-03-22 07:00:00,0
"19",47,"BE1121",2022-03-14 02:43:00,262,"BE1121",3.9803893,51.1184227,2022-02-13 16:00:00,2022-03-22 07:00:00,0
"20",54,"BE1120",2022-03-27 23:54:00,263,"BE1120",3.9808271,51.1180339,2022-03-14 15:00:00,NA,1
"21",60,"Litteken_5",2022-03-30 02:00:00,263,"Litteken_5",3.9808271,51.1180339,2022-03-14 15:00:00,NA,1
"22",61,"BE1119",2022-03-30 02:00:00,263,"BE1119",3.9808271,51.1180339,2022-03-14 15:00:00,NA,1
"23",63,"Litteken_1",2022-02-23 07:17:00,64,"Litteken_1",3.9776175,51.1159393,2022-02-13 15:00:00,2022-03-14 15:00:00,0
"24",65,"Litteken_1",2022-02-25 03:38:00,64,"Litteken_1",3.9776175,51.1159393,2022-02-13 15:00:00,2022-03-14 15:00:00,0
"25",66,"Litteken_1",2022-02-25 06:13:00,64,"Litteken_1",3.9776175,51.1159393,2022-02-13 15:00:00,2022-03-14 15:00:00,0
"26",71,"Litteken_1",2022-03-23 23:23:00,64,"Litteken_1",3.9776384,51.1159446,2022-03-14 15:00:00,NA,1
"27",74,"Litteken_1",2022-03-30 05:27:00,64,"Litteken_1",3.9776384,51.1159446,2022-03-14 15:00:00,NA,1
"28",78,"Litteken_1",2022-03-22 04:58:00,72,"Litteken_1",3.977725,51.1155944,2022-03-14 15:00:00,2022-04-27 15:00:00,0
"29",79,"Litteken_1",2022-03-23 23:25:00,72,"Litteken_1",3.977725,51.1155944,2022-03-14 15:00:00,2022-04-27 15:00:00,0
"30",86,"BE1120",2022-03-17 23:52:00,76,"BE1120",3.9777465,51.1170762,2022-03-14 15:00:00,2022-04-27 15:00:00,0
"31",97,"BE1120",2022-03-14 05:36:00,65,"BE1120",3.9776604,51.1158468,2022-03-02 15:00:00,2022-03-14 15:00:00,0
"32",102,"Litteken_1",2022-04-08 04:38:00,72,"Litteken_1",3.977725,51.1155944,2022-03-14 15:00:00,2022-04-27 15:00:00,0
"33",105,"BE1123",2022-04-04 02:38:00,65,"BE1123",3.9788848,51.1222632,2022-03-14 15:00:00,2022-04-11 15:00:00,0
"34",107,"BE1123",2022-04-04 04:27:00,65,"BE1123",3.9788848,51.1222632,2022-03-14 15:00:00,2022-04-11 15:00:00,0
"35",109,"BE1123",2022-04-04 21:59:00,65,"BE1123",3.9788848,51.1222632,2022-03-14 15:00:00,2022-04-11 15:00:00,0
"36",110,"BE1123",2022-04-04 22:26:00,65,"BE1123",3.9788848,51.1222632,2022-03-14 15:00:00,2022-04-11 15:00:00,0
"37",112,"BE1123",2022-04-06 03:56:00,65,"BE1123",3.9788848,51.1222632,2022-03-14 15:00:00,2022-04-11 15:00:00,0
"38",114,"BE1123",2022-04-07 01:54:00,65,"BE1123",3.9788848,51.1222632,2022-03-14 15:00:00,2022-04-11 15:00:00,0
"39",116,"BE1123",2022-04-08 05:03:00,65,"BE1123",3.9788848,51.1222632,2022-03-14 15:00:00,2022-04-11 15:00:00,0
"40",120,"Litteken_1",2022-03-04 03:18:00,265,"Litteken_1",3.9798371,51.1187962,2022-02-13 16:00:00,2022-05-12 01:00:00,0
"41",121,"Litteken_1",2022-04-03 21:00:00,265,"Litteken_1",3.9798371,51.1187962,2022-02-13 16:00:00,2022-05-12 01:00:00,0
"42",122,"BE1119",2022-04-03 21:09:00,265,"BE1119",3.9798371,51.1187962,2022-02-13 16:00:00,2022-05-12 01:00:00,0
"43",123,"BE1120",2022-04-03 21:55:00,265,"BE1120",3.9798371,51.1187962,2022-02-13 16:00:00,2022-05-12 01:00:00,0
"44",124,"BE1120",2022-04-03 21:58:00,265,"BE1120",3.9798371,51.1187962,2022-02-13 16:00:00,2022-05-12 01:00:00,0
"45",126,"BE1120",2022-04-10 00:13:00,265,"BE1120",3.9798371,51.1187962,2022-02-13 16:00:00,2022-05-12 01:00:00,0
"46",127,"Litteken_2",2022-04-10 01:48:00,265,"Litteken_2",3.9798371,51.1187962,2022-02-13 16:00:00,2022-05-12 01:00:00,0
"47",128,"Litteken_1",2022-04-10 05:31:00,72,"Litteken_1",3.977725,51.1155944,2022-03-14 15:00:00,2022-04-27 15:00:00,0
"48",129,"Litteken_1",2022-04-12 21:47:00,72,"Litteken_1",3.977725,51.1155944,2022-03-14 15:00:00,2022-04-27 15:00:00,0
"49",130,"BE1120",2022-04-14 03:55:00,72,"BE1120",3.977725,51.1155944,2022-03-14 15:00:00,2022-04-27 15:00:00,0
"50",132,"Litteken_1",2022-04-27 21:52:00,264,"Litteken_1",3.9793799,51.1173923,2022-02-13 16:00:00,2022-05-12 01:07:00,0
"51",133,"Litteken_1",2022-04-27 22:29:00,264,"Litteken_1",3.9793799,51.1173923,2022-02-13 16:00:00,2022-05-12 01:07:00,0
"52",134,"Litteken_3",2022-04-27 23:41:00,264,"Litteken_3",3.9793799,51.1173923,2022-02-13 16:00:00,2022-05-12 01:07:00,0
"53",136,"Litteken_1",2022-04-13 04:46:00,263,"Litteken_1",3.9808271,51.1180339,2022-03-14 15:00:00,NA,1
"54",137,"BE1119",2022-04-14 21:55:00,263,"BE1119",3.9808271,51.1180339,2022-03-14 15:00:00,NA,1
"55",138,"Litteken_1",2022-04-14 22:00:00,263,"Litteken_1",3.9808271,51.1180339,2022-03-14 15:00:00,NA,1
"56",139,"BE1119",2022-04-14 22:03:00,263,"BE1119",3.9808271,51.1180339,2022-03-14 15:00:00,NA,1
"57",140,"BE1119",2022-04-14 23:23:00,263,"BE1119",3.9808271,51.1180339,2022-03-14 15:00:00,NA,1
"58",141,"BE1119",2022-04-14 23:43:00,263,"BE1119",3.9808271,51.1180339,2022-03-14 15:00:00,NA,1
"59",142,"Litteken_4",2022-04-14 22:11:00,263,"Litteken_4",3.9808271,51.1180339,2022-03-14 15:00:00,NA,1
"60",143,"BE1120",2022-04-15 01:01:00,263,"BE1120",3.9808271,51.1180339,2022-03-14 15:00:00,NA,1
"61",144,"BE1120",2022-04-15 01:32:00,263,"BE1120",3.9808271,51.1180339,2022-03-14 15:00:00,NA,1
"62",145,"BE1120",2022-04-15 01:54:00,263,"BE1120",3.9808271,51.1180339,2022-03-14 15:00:00,NA,1
"63",146,"BE1119",2022-04-15 02:36:00,263,"BE1119",3.9808271,51.1180339,2022-03-14 15:00:00,NA,1
"64",147,"BE1119",2022-04-15 02:51:00,263,"BE1119",3.9808271,51.1180339,2022-03-14 15:00:00,NA,1
"65",148,"Litteken_1",2022-04-15 03:45:00,263,"Litteken_1",3.9808271,51.1180339,2022-03-14 15:00:00,NA,1
"66",149,"BE1119",2022-04-15 05:01:00,263,"BE1119",3.9808271,51.1180339,2022-03-14 15:00:00,NA,1
"67",150,"Litteken_1",2022-04-15 20:05:00,263,"Litteken_1",3.9808271,51.1180339,2022-03-14 15:00:00,NA,1
"68",151,"Litteken_1",2022-04-15 20:20:00,263,"Litteken_1",3.9808271,51.1180339,2022-03-14 15:00:00,NA,1
"69",154,"BE1120",2022-04-15 20:54:00,263,"BE1120",3.9808271,51.1180339,2022-03-14 15:00:00,NA,1
"70",155,"BE1120",2022-04-16 02:40:00,263,"BE1120",3.9808271,51.1180339,2022-03-14 15:00:00,NA,1
"71",156,"BE1119",2022-04-16 02:58:00,263,"BE1119",3.9808271,51.1180339,2022-03-14 15:00:00,NA,1
"72",157,"BE1119",2022-04-16 04:20:00,263,"BE1119",3.9808271,51.1180339,2022-03-14 15:00:00,NA,1
"73",159,"BE1119",2022-04-16 04:31:00,263,"BE1119",3.9808271,51.1180339,2022-03-14 15:00:00,NA,1
"74",160,"Litteken_1",2022-04-17 23:20:00,263,"Litteken_1",3.9808271,51.1180339,2022-03-14 15:00:00,NA,1
"75",161,"BE1120",2022-04-18 04:08:00,263,"BE1120",3.9808271,51.1180339,2022-03-14 15:00:00,NA,1
"76",162,"Litteken_1",2022-04-21 04:36:00,263,"Litteken_1",3.9808271,51.1180339,2022-03-14 15:00:00,NA,1
"77",163,"Litteken_1",2022-04-22 05:02:00,263,"Litteken_1",3.9808271,51.1180339,2022-03-14 15:00:00,NA,1
"78",164,"Litteken_1",2022-04-22 20:14:00,263,"Litteken_1",3.9808271,51.1180339,2022-03-14 15:00:00,NA,1
"79",165,"BE1120",2022-04-24 21:27:00,263,"BE1120",3.9808271,51.1180339,2022-03-14 15:00:00,NA,1
"80",168,"BE1120",2022-04-25 20:13:00,263,"BE1120",3.9808271,51.1180339,2022-03-14 15:00:00,NA,1
"81",170,"BE1120",2022-04-26 01:23:00,263,"BE1120",3.9808271,51.1180339,2022-03-14 15:00:00,NA,1
"82",171,"BE1120",2022-04-26 03:02:00,263,"BE1120",3.9808271,51.1180339,2022-03-14 15:00:00,NA,1
"83",173,"Litteken_1",2022-04-26 19:45:00,263,"Litteken_1",3.9808271,51.1180339,2022-03-14 15:00:00,NA,1
"84",174,"Litteken_5",2022-04-26 20:20:00,263,"Litteken_5",3.9808271,51.1180339,2022-03-14 15:00:00,NA,1
"85",175,"BE1120",2022-04-26 20:51:00,263,"BE1120",3.9808271,51.1180339,2022-03-14 15:00:00,NA,1
"86",176,"Litteken_1",2022-04-27 21:52:00,264,"Litteken_1",3.9793799,51.1173923,2022-02-13 16:00:00,2022-05-12 01:07:00,0
"87",177,"Litteken_1",2022-04-27 22:29:00,264,"Litteken_1",3.9793799,51.1173923,2022-02-13 16:00:00,2022-05-12 01:07:00,0
"88",178,"Litteken_5",2022-04-28 00:57:00,264,"Litteken_5",3.9793799,51.1173923,2022-02-13 16:00:00,2022-05-12 01:07:00,0
"89",180,"Litteken_5",2022-04-28 01:19:00,264,"Litteken_5",3.9793799,51.1173923,2022-02-13 16:00:00,2022-05-12 01:07:00,0
"90",181,"Litteken_5",2022-04-28 02:51:00,264,"Litteken_5",3.9793799,51.1173923,2022-02-13 16:00:00,2022-05-12 01:07:00,0
"91",182,"Litteken_1",2022-04-28 20:06:00,264,"Litteken_1",3.9793799,51.1173923,2022-02-13 16:00:00,2022-05-12 01:07:00,0
"92",183,"Litteken_5",2022-04-28 20:06:00,264,"Litteken_5",3.9793799,51.1173923,2022-02-13 16:00:00,2022-05-12 01:07:00,0
"93",184,"Litteken_1",2022-04-28 22:57:00,264,"Litteken_1",3.9793799,51.1173923,2022-02-13 16:00:00,2022-05-12 01:07:00,0
"94",185,"Litteken_1",2022-04-29 00:09:00,264,"Litteken_1",3.9793799,51.1173923,2022-02-13 16:00:00,2022-05-12 01:07:00,0
"95",186,"Litteken_1",2022-04-29 04:17:00,264,"Litteken_1",3.9793799,51.1173923,2022-02-13 16:00:00,2022-05-12 01:07:00,0
"96",187,"Litteken_5",2022-04-29 05:15:00,264,"Litteken_5",3.9793799,51.1173923,2022-02-13 16:00:00,2022-05-12 01:07:00,0
"97",188,"Litteken_1",2022-04-29 20:00:00,264,"Litteken_1",3.9793799,51.1173923,2022-02-13 16:00:00,2022-05-12 01:07:00,0
"98",189,"Litteken_5",2022-04-29 20:19:00,264,"Litteken_5",3.9793799,51.1173923,2022-02-13 16:00:00,2022-05-12 01:07:00,0
"99",190,"Litteken_5",2022-04-30 02:45:00,264,"Litteken_5",3.9793799,51.1173923,2022-02-13 16:00:00,2022-05-12 01:07:00,0
"100",191,"Litteken_1",2022-04-30 03:25:00,264,"Litteken_1",3.9793799,51.1173923,2022-02-13 16:00:00,2022-05-12 01:07:00,0
"101",192,"BE1120",2022-04-30 03:36:00,264,"BE1120",3.9793799,51.1173923,2022-02-13 16:00:00,2022-05-12 01:07:00,0
"102",193,"Litteken_3",2022-04-30 03:36:00,264,"Litteken_3",3.9793799,51.1173923,2022-02-13 16:00:00,2022-05-12 01:07:00,0
"103",194,"Litteken_1",2022-04-30 04:01:00,264,"Litteken_1",3.9793799,51.1173923,2022-02-13 16:00:00,2022-05-12 01:07:00,0
"104",195,"Litteken_1",2022-04-30 04:18:00,264,"Litteken_1",3.9793799,51.1173923,2022-02-13 16:00:00,2022-05-12 01:07:00,0
"105",196,"Litteken_1",2022-04-30 19:15:00,264,"Litteken_1",3.9793799,51.1173923,2022-02-13 16:00:00,2022-05-12 01:07:00,0
"106",197,"Litteken_5",2022-04-30 21:21:00,264,"Litteken_5",3.9793799,51.1173923,2022-02-13 16:00:00,2022-05-12 01:07:00,0
"107",198,"Litteken_1",2022-04-30 21:25:00,264,"Litteken_1",3.9793799,51.1173923,2022-02-13 16:00:00,2022-05-12 01:07:00,0
"108",199,"Litteken_5",2022-04-30 23:22:00,264,"Litteken_5",3.9793799,51.1173923,2022-02-13 16:00:00,2022-05-12 01:07:00,0
"109",202,"Litteken_5",2022-05-01 04:36:00,264,"Litteken_5",3.9793799,51.1173923,2022-02-13 16:00:00,2022-05-12 01:07:00,0
"110",203,"BE1120",2022-03-27 21:41:00,265,"BE1120",3.9798371,51.1187962,2022-02-13 16:00:00,2022-05-12 01:00:00,0
"111",205,"Litteken_5",2022-05-01 22:35:00,264,"Litteken_5",3.9793799,51.1173923,2022-02-13 16:00:00,2022-05-12 01:07:00,0
"112",206,"Litteken_5",2022-05-02 20:25:00,264,"Litteken_5",3.9793799,51.1173923,2022-02-13 16:00:00,2022-05-12 01:07:00,0
"113",207,"Litteken_5",2022-05-02 23:34:00,264,"Litteken_5",3.9793799,51.1173923,2022-02-13 16:00:00,2022-05-12 01:07:00,0
"114",208,"Litteken_1",2022-05-03 01:41:00,264,"Litteken_1",3.9793799,51.1173923,2022-02-13 16:00:00,2022-05-12 01:07:00,0
"115",209,"Litteken_3",2022-05-03 02:11:00,264,"Litteken_3",3.9793799,51.1173923,2022-02-13 16:00:00,2022-05-12 01:07:00,0
"116",210,"Litteken_1",2022-05-03 19:53:00,264,"Litteken_1",3.9793799,51.1173923,2022-02-13 16:00:00,2022-05-12 01:07:00,0
"117",211,"Litteken_1",2022-05-03 22:08:00,264,"Litteken_1",3.9793799,51.1173923,2022-02-13 16:00:00,2022-05-12 01:07:00,0
"118",213,"Litteken_1",2022-05-03 23:00:00,264,"Litteken_1",3.9793799,51.1173923,2022-02-13 16:00:00,2022-05-12 01:07:00,0
"119",214,"Litteken_1",2022-05-03 23:31:00,264,"Litteken_1",3.9793799,51.1173923,2022-02-13 16:00:00,2022-05-12 01:07:00,0
"120",215,"Litteken_1",2022-05-03 23:58:00,264,"Litteken_1",3.9793799,51.1173923,2022-02-13 16:00:00,2022-05-12 01:07:00,0
"121",217,"Litteken_1",2022-05-04 01:15:00,264,"Litteken_1",3.9793799,51.1173923,2022-02-13 16:00:00,2022-05-12 01:07:00,0
"122",218,"Litteken_1",2022-05-04 01:31:00,264,"Litteken_1",3.9793799,51.1173923,2022-02-13 16:00:00,2022-05-12 01:07:00,0
"123",219,"Litteken_5",2022-05-04 04:29:00,264,"Litteken_5",3.9793799,51.1173923,2022-02-13 16:00:00,2022-05-12 01:07:00,0
"124",220,"Litteken_5",2022-05-04 22:22:00,264,"Litteken_5",3.9793799,51.1173923,2022-02-13 16:00:00,2022-05-12 01:07:00,0
"125",221,"Litteken_1",2022-05-04 23:59:00,264,"Litteken_1",3.9793799,51.1173923,2022-02-13 16:00:00,2022-05-12 01:07:00,0
"126",223,"Litteken_1",2022-05-05 01:09:00,264,"Litteken_1",3.9793799,51.1173923,2022-02-13 16:00:00,2022-05-12 01:07:00,0
"127",225,"Litteken_1",2022-05-05 04:36:00,264,"Litteken_1",3.9793799,51.1173923,2022-02-13 16:00:00,2022-05-12 01:07:00,0
"128",226,"Litteken_5",2022-05-05 20:37:00,264,"Litteken_5",3.9793799,51.1173923,2022-02-13 16:00:00,2022-05-12 01:07:00,0
"129",227,"Litteken_1",2022-05-05 21:40:00,264,"Litteken_1",3.9793799,51.1173923,2022-02-13 16:00:00,2022-05-12 01:07:00,0
"130",228,"Litteken_5",2022-05-05 22:19:00,264,"Litteken_5",3.9793799,51.1173923,2022-02-13 16:00:00,2022-05-12 01:07:00,0
"131",229,"Litteken_1",2022-05-05 23:21:00,264,"Litteken_1",3.9793799,51.1173923,2022-02-13 16:00:00,2022-05-12 01:07:00,0
"132",230,"Litteken_1",2022-05-05 23:57:00,264,"Litteken_1",3.9793799,51.1173923,2022-02-13 16:00:00,2022-05-12 01:07:00,0
"133",231,"Litteken_1",2022-05-06 02:26:00,264,"Litteken_1",3.9793799,51.1173923,2022-02-13 16:00:00,2022-05-12 01:07:00,0
"134",232,"Litteken_1",2022-05-06 04:42:00,264,"Litteken_1",3.9793799,51.1173923,2022-02-13 16:00:00,2022-05-12 01:07:00,0
"135",233,"Litteken_1",2022-05-06 04:48:00,264,"Litteken_1",3.9793799,51.1173923,2022-02-13 16:00:00,2022-05-12 01:07:00,0
"136",234,"Litteken_1",2022-05-06 21:38:00,264,"Litteken_1",3.9793799,51.1173923,2022-02-13 16:00:00,2022-05-12 01:07:00,0
"137",235,"Litteken_5",2022-05-06 23:22:00,264,"Litteken_5",3.9793799,51.1173923,2022-02-13 16:00:00,2022-05-12 01:07:00,0
"138",237,"Litteken_3",2022-05-07 04:07:00,264,"Litteken_3",3.9793799,51.1173923,2022-02-13 16:00:00,2022-05-12 01:07:00,0
"139",238,"Litteken_1",2022-05-07 19:51:00,264,"Litteken_1",3.9793799,51.1173923,2022-02-13 16:00:00,2022-05-12 01:07:00,0
"140",239,"Litteken_5",2022-05-07 20:09:00,264,"Litteken_5",3.9793799,51.1173923,2022-02-13 16:00:00,2022-05-12 01:07:00,0
"141",241,"Litteken_1",2022-05-07 23:23:00,264,"Litteken_1",3.9793799,51.1173923,2022-02-13 16:00:00,2022-05-12 01:07:00,0
"142",242,"BE1120",2022-05-08 00:11:00,264,"BE1120",3.9793799,51.1173923,2022-02-13 16:00:00,2022-05-12 01:07:00,0
"143",243,"Litteken_5",2022-05-08 03:44:00,264,"Litteken_5",3.9793799,51.1173923,2022-02-13 16:00:00,2022-05-12 01:07:00,0
"144",244,"Litteken_5",2022-05-08 04:28:00,264,"Litteken_5",3.9793799,51.1173923,2022-02-13 16:00:00,2022-05-12 01:07:00,0
"145",245,"Litteken_5",2022-05-08 20:23:00,264,"Litteken_5",3.9793799,51.1173923,2022-02-13 16:00:00,2022-05-12 01:07:00,0
"146",246,"Litteken_1",2022-05-08 20:45:00,264,"Litteken_1",3.9793799,51.1173923,2022-02-13 16:00:00,2022-05-12 01:07:00,0
"147",247,"Litteken_3",2022-05-08 20:46:00,264,"Litteken_3",3.9793799,51.1173923,2022-02-13 16:00:00,2022-05-12 01:07:00,0
"148",248,"Litteken_3",2022-05-08 20:59:00,264,"Litteken_3",3.9793799,51.1173923,2022-02-13 16:00:00,2022-05-12 01:07:00,0
"149",250,"Litteken_3",2022-05-08 22:28:00,264,"Litteken_3",3.9793799,51.1173923,2022-02-13 16:00:00,2022-05-12 01:07:00,0
"150",251,"Litteken_5",2022-05-08 22:33:00,264,"Litteken_5",3.9793799,51.1173923,2022-02-13 16:00:00,2022-05-12 01:07:00,0
"151",252,"Litteken_1",2022-05-08 22:58:00,264,"Litteken_1",3.9793799,51.1173923,2022-02-13 16:00:00,2022-05-12 01:07:00,0
"152",253,"Litteken_1",2022-05-09 04:01:00,264,"Litteken_1",3.9793799,51.1173923,2022-02-13 16:00:00,2022-05-12 01:07:00,0
"153",254,"Litteken_5",2022-05-09 04:33:00,264,"Litteken_5",3.9793799,51.1173923,2022-02-13 16:00:00,2022-05-12 01:07:00,0
"154",255,"Litteken_5",2022-05-10 20:32:00,264,"Litteken_5",3.9793799,51.1173923,2022-02-13 16:00:00,2022-05-12 01:07:00,0
"155",256,"Litteken_1",2022-05-10 21:13:00,264,"Litteken_1",3.9793799,51.1173923,2022-02-13 16:00:00,2022-05-12 01:07:00,0
"156",257,"Litteken_1",2022-05-11 03:35:00,264,"Litteken_1",3.9793799,51.1173923,2022-02-13 16:00:00,2022-05-12 01:07:00,0
"157",259,"Litteken_1",2022-05-12 03:00:00,264,"Litteken_1",3.9774809,51.1267072,2022-05-12 02:00:00,NA,1
"158",260,"Litteken_1",2022-05-12 03:27:00,264,"Litteken_1",3.9774809,51.1267072,2022-05-12 02:00:00,NA,1
"159",263,"Litteken_5",2022-04-28 04:56:00,64,"Litteken_5",3.9776384,51.1159446,2022-03-14 15:00:00,NA,1
"160",264,"Litteken_1",2022-04-28 05:13:00,64,"Litteken_1",3.9776384,51.1159446,2022-03-14 15:00:00,NA,1
"161",265,"Litteken_1",2022-04-30 22:02:00,64,"Litteken_1",3.9776384,51.1159446,2022-03-14 15:00:00,NA,1
"162",267,"Litteken_1",2022-05-02 04:24:00,64,"Litteken_1",3.9776384,51.1159446,2022-03-14 15:00:00,NA,1
"163",268,"Litteken_1",2022-05-03 02:36:00,64,"Litteken_1",3.9776384,51.1159446,2022-03-14 15:00:00,NA,1
"164",269,"Litteken_1",2022-05-03 05:13:00,64,"Litteken_1",3.9776384,51.1159446,2022-03-14 15:00:00,NA,1
"165",270,"Litteken_1",2022-05-04 05:34:00,64,"Litteken_1",3.9776384,51.1159446,2022-03-14 15:00:00,NA,1
"166",271,"Litteken_5",2022-05-05 04:49:00,64,"Litteken_5",3.9776384,51.1159446,2022-03-14 15:00:00,NA,1
"167",272,"Litteken_5",2022-05-06 04:25:00,64,"Litteken_5",3.9776384,51.1159446,2022-03-14 15:00:00,NA,1
"168",274,"Litteken_1",2022-05-07 05:00:00,64,"Litteken_1",3.9776384,51.1159446,2022-03-14 15:00:00,NA,1
"169",275,"Litteken_1",2022-05-09 01:04:00,64,"Litteken_1",3.9776384,51.1159446,2022-03-14 15:00:00,NA,1
"170",276,"Litteken_1",2022-05-09 23:30:00,64,"Litteken_1",3.9776384,51.1159446,2022-03-14 15:00:00,NA,1
"171",277,"Litteken_1",2022-05-10 03:33:00,64,"Litteken_1",3.9776384,51.1159446,2022-03-14 15:00:00,NA,1
"172",289,"BE1123",2022-03-28 03:17:00,61,"BE1123",3.9792175,51.1223657,2022-03-02 16:00:00,2022-05-12 04:00:00,0
"173",297,"BE1123",2022-03-31 04:52:00,61,"BE1123",3.9792175,51.1223657,2022-03-02 16:00:00,2022-05-12 04:00:00,0
"174",299,"BE1123",2022-03-31 19:55:00,61,"BE1123",3.9792175,51.1223657,2022-03-02 16:00:00,2022-05-12 04:00:00,0
"175",306,"BE1123",2022-04-01 19:29:00,61,"BE1123",3.9792175,51.1223657,2022-03-02 16:00:00,2022-05-12 04:00:00,0
"176",309,"BE1123",2022-04-01 20:33:00,61,"BE1123",3.9792175,51.1223657,2022-03-02 16:00:00,2022-05-12 04:00:00,0
"177",311,"BE1123",2022-04-01 21:10:00,61,"BE1123",3.9792175,51.1223657,2022-03-02 16:00:00,2022-05-12 04:00:00,0
"178",314,"BE1123",2022-04-02 02:39:00,61,"BE1123",3.9792175,51.1223657,2022-03-02 16:00:00,2022-05-12 04:00:00,0
"179",317,"BE1123",2022-04-02 04:28:00,61,"BE1123",3.9792175,51.1223657,2022-03-02 16:00:00,2022-05-12 04:00:00,0
"180",318,"BE1123",2022-04-02 20:06:00,61,"BE1123",3.9792175,51.1223657,2022-03-02 16:00:00,2022-05-12 04:00:00,0
"181",320,"BE1123",2022-04-03 19:44:00,61,"BE1123",3.9792175,51.1223657,2022-03-02 16:00:00,2022-05-12 04:00:00,0
"182",321,"BE1123",2022-04-03 20:30:00,61,"BE1123",3.9792175,51.1223657,2022-03-02 16:00:00,2022-05-12 04:00:00,0
"183",322,"BE1123",2022-04-09 20:51:00,61,"BE1123",3.9792175,51.1223657,2022-03-02 16:00:00,2022-05-12 04:00:00,0
"184",325,"BE1123",2022-04-11 19:15:00,61,"BE1123",3.9792175,51.1223657,2022-03-02 16:00:00,2022-05-12 04:00:00,0
"185",331,"BE1123",2022-04-15 04:42:00,61,"BE1123",3.9792175,51.1223657,2022-03-02 16:00:00,2022-05-12 04:00:00,0
"186",334,"Litteken_4",2022-03-31 04:42:00,264,"Litteken_4",3.9793799,51.1173923,2022-02-13 16:00:00,2022-05-12 01:07:00,0
"187",335,"BE1119",2022-04-01 00:24:00,264,"BE1119",3.9793799,51.1173923,2022-02-13 16:00:00,2022-05-12 01:07:00,0
"188",336,"BE1119",2022-04-01 03:19:00,264,"BE1119",3.9793799,51.1173923,2022-02-13 16:00:00,2022-05-12 01:07:00,0
"189",337,"Litteken_1",2022-04-01 04:07:00,264,"Litteken_1",3.9793799,51.1173923,2022-02-13 16:00:00,2022-05-12 01:07:00,0
"190",338,"Litteken_1",2022-04-01 04:21:00,264,"Litteken_1",3.9793799,51.1173923,2022-02-13 16:00:00,2022-05-12 01:07:00,0
"191",339,"Litteken_1",2022-04-02 04:39:00,264,"Litteken_1",3.9793799,51.1173923,2022-02-13 16:00:00,2022-05-12 01:07:00,0
"192",340,"Litteken_1",2022-04-03 03:30:00,264,"Litteken_1",3.9793799,51.1173923,2022-02-13 16:00:00,2022-05-12 01:07:00,0
"193",341,"Litteken_1",2022-04-03 23:50:00,264,"Litteken_1",3.9793799,51.1173923,2022-02-13 16:00:00,2022-05-12 01:07:00,0
"194",342,"Litteken_1",2022-04-04 02:34:00,264,"Litteken_1",3.9793799,51.1173923,2022-02-13 16:00:00,2022-05-12 01:07:00,0
"195",343,"BE1120",2022-04-04 02:34:00,264,"BE1120",3.9793799,51.1173923,2022-02-13 16:00:00,2022-05-12 01:07:00,0
"196",344,"Litteken_1",2022-04-04 20:10:00,264,"Litteken_1",3.9793799,51.1173923,2022-02-13 16:00:00,2022-05-12 01:07:00,0
"197",345,"BE1119",2022-04-04 23:40:00,264,"BE1119",3.9793799,51.1173923,2022-02-13 16:00:00,2022-05-12 01:07:00,0
"198",346,"Litteken_1",2022-04-04 23:50:00,264,"Litteken_1",3.9793799,51.1173923,2022-02-13 16:00:00,2022-05-12 01:07:00,0
"199",347,"BE1120",2022-04-04 23:53:00,264,"BE1120",3.9793799,51.1173923,2022-02-13 16:00:00,2022-05-12 01:07:00,0
"200",348,"BE1120",2022-04-05 03:10:00,264,"BE1120",3.9793799,51.1173923,2022-02-13 16:00:00,2022-05-12 01:07:00,0
"201",349,"Litteken_1",2022-04-05 03:49:00,264,"Litteken_1",3.9793799,51.1173923,2022-02-13 16:00:00,2022-05-12 01:07:00,0
"202",350,"Litteken_1",2022-04-05 04:35:00,264,"Litteken_1",3.9793799,51.1173923,2022-02-13 16:00:00,2022-05-12 01:07:00,0
"203",351,"Litteken_1",2022-04-05 05:04:00,264,"Litteken_1",3.9793799,51.1173923,2022-02-13 16:00:00,2022-05-12 01:07:00,0
"204",352,"Litteken_1",2022-04-05 23:51:00,264,"Litteken_1",3.9793799,51.1173923,2022-02-13 16:00:00,2022-05-12 01:07:00,0
"205",353,"Litteken_5",2022-04-06 03:14:00,264,"Litteken_5",3.9793799,51.1173923,2022-02-13 16:00:00,2022-05-12 01:07:00,0
"206",354,"Litteken_1",2022-04-06 04:09:00,264,"Litteken_1",3.9793799,51.1173923,2022-02-13 16:00:00,2022-05-12 01:07:00,0
"207",355,"BE1120",2022-04-06 04:15:00,264,"BE1120",3.9793799,51.1173923,2022-02-13 16:00:00,2022-05-12 01:07:00,0
"208",356,"Litteken_1",2022-04-06 21:17:00,264,"Litteken_1",3.9793799,51.1173923,2022-02-13 16:00:00,2022-05-12 01:07:00,0
"209",357,"Litteken_1",2022-04-06 22:51:00,264,"Litteken_1",3.9793799,51.1173923,2022-02-13 16:00:00,2022-05-12 01:07:00,0
"210",358,"Litteken_5",2022-04-07 00:43:00,264,"Litteken_5",3.9793799,51.1173923,2022-02-13 16:00:00,2022-05-12 01:07:00,0
"211",359,"Litteken_1",2022-04-07 05:13:00,264,"Litteken_1",3.9793799,51.1173923,2022-02-13 16:00:00,2022-05-12 01:07:00,0
"212",360,"Litteken_5",2022-04-08 01:39:00,264,"Litteken_5",3.9793799,51.1173923,2022-02-13 16:00:00,2022-05-12 01:07:00,0
"213",362,"Litteken_5",2022-04-08 21:53:00,264,"Litteken_5",3.9793799,51.1173923,2022-02-13 16:00:00,2022-05-12 01:07:00,0
"214",363,"BE1120",2022-04-08 23:02:00,264,"BE1120",3.9793799,51.1173923,2022-02-13 16:00:00,2022-05-12 01:07:00,0
"215",364,"Litteken_1",2022-04-08 23:07:00,264,"Litteken_1",3.9793799,51.1173923,2022-02-13 16:00:00,2022-05-12 01:07:00,0
"216",365,"Litteken_1",2022-04-09 01:09:00,264,"Litteken_1",3.9793799,51.1173923,2022-02-13 16:00:00,2022-05-12 01:07:00,0
"217",366,"Litteken_5",2022-04-09 02:27:00,264,"Litteken_5",3.9793799,51.1173923,2022-02-13 16:00:00,2022-05-12 01:07:00,0
"218",367,"Litteken_5",2022-04-09 02:48:00,264,"Litteken_5",3.9793799,51.1173923,2022-02-13 16:00:00,2022-05-12 01:07:00,0
"219",368,"BE1120",2022-04-09 02:48:00,264,"BE1120",3.9793799,51.1173923,2022-02-13 16:00:00,2022-05-12 01:07:00,0
"220",369,"Litteken_1",2022-04-09 03:51:00,264,"Litteken_1",3.9793799,51.1173923,2022-02-13 16:00:00,2022-05-12 01:07:00,0
"221",370,"Litteken_1",2022-04-09 05:19:00,264,"Litteken_1",3.9793799,51.1173923,2022-02-13 16:00:00,2022-05-12 01:07:00,0
"222",371,"Litteken_5",2022-04-09 22:06:00,264,"Litteken_5",3.9793799,51.1173923,2022-02-13 16:00:00,2022-05-12 01:07:00,0
"223",372,"Litteken_5",2022-04-10 05:23:00,264,"Litteken_5",3.9793799,51.1173923,2022-02-13 16:00:00,2022-05-12 01:07:00,0
"224",373,"Litteken_1",2022-04-13 00:13:00,264,"Litteken_1",3.9793799,51.1173923,2022-02-13 16:00:00,2022-05-12 01:07:00,0
"225",374,"Litteken_1",2022-04-13 00:25:00,264,"Litteken_1",3.9793799,51.1173923,2022-02-13 16:00:00,2022-05-12 01:07:00,0
"226",375,"BE1120",2022-04-14 02:25:00,264,"BE1120",3.9793799,51.1173923,2022-02-13 16:00:00,2022-05-12 01:07:00,0
"227",376,"BE1119",2022-04-14 02:26:00,264,"BE1119",3.9793799,51.1173923,2022-02-13 16:00:00,2022-05-12 01:07:00,0
"228",378,"BE1119",2022-04-14 02:32:00,264,"BE1119",3.9793799,51.1173923,2022-02-13 16:00:00,2022-05-12 01:07:00,0
"229",379,"BE1120",2022-04-14 02:34:00,264,"BE1120",3.9793799,51.1173923,2022-02-13 16:00:00,2022-05-12 01:07:00,0
"230",380,"BE1119",2022-04-14 03:00:00,264,"BE1119",3.9793799,51.1173923,2022-02-13 16:00:00,2022-05-12 01:07:00,0
"231",381,"Litteken_1",2022-04-14 03:58:00,264,"Litteken_1",3.9793799,51.1173923,2022-02-13 16:00:00,2022-05-12 01:07:00,0
"232",383,"Litteken_5",2022-04-14 20:27:00,264,"Litteken_5",3.9793799,51.1173923,2022-02-13 16:00:00,2022-05-12 01:07:00,0
"233",384,"Litteken_1",2022-04-14 21:51:00,264,"Litteken_1",3.9793799,51.1173923,2022-02-13 16:00:00,2022-05-12 01:07:00,0
"234",385,"Litteken_1",2022-04-14 05:09:00,264,"Litteken_1",3.9793799,51.1173923,2022-02-13 16:00:00,2022-05-12 01:07:00,0
"235",386,"Litteken_5",2022-04-15 20:04:00,264,"Litteken_5",3.9793799,51.1173923,2022-02-13 16:00:00,2022-05-12 01:07:00,0
"236",387,"Litteken_1",2022-04-18 21:35:00,264,"Litteken_1",3.9793799,51.1173923,2022-02-13 16:00:00,2022-05-12 01:07:00,0
"237",388,"Litteken_5",2022-04-18 22:12:00,264,"Litteken_5",3.9793799,51.1173923,2022-02-13 16:00:00,2022-05-12 01:07:00,0
"238",389,"Litteken_1",2022-04-18 22:20:00,264,"Litteken_1",3.9793799,51.1173923,2022-02-13 16:00:00,2022-05-12 01:07:00,0
"239",390,"Litteken_1",2022-04-18 22:49:00,264,"Litteken_1",3.9793799,51.1173923,2022-02-13 16:00:00,2022-05-12 01:07:00,0
"240",391,"Litteken_1",2022-04-19 04:12:00,264,"Litteken_1",3.9793799,51.1173923,2022-02-13 16:00:00,2022-05-12 01:07:00,0
"241",392,"Litteken_5",2022-04-19 20:11:00,264,"Litteken_5",3.9793799,51.1173923,2022-02-13 16:00:00,2022-05-12 01:07:00,0
"242",393,"Litteken_1",2022-04-19 20:54:00,264,"Litteken_1",3.9793799,51.1173923,2022-02-13 16:00:00,2022-05-12 01:07:00,0
"243",394,"Litteken_5",2022-04-19 22:27:00,264,"Litteken_5",3.9793799,51.1173923,2022-02-13 16:00:00,2022-05-12 01:07:00,0
"244",395,"Litteken_1",2022-04-20 00:57:00,264,"Litteken_1",3.9793799,51.1173923,2022-02-13 16:00:00,2022-05-12 01:07:00,0
"245",396,"BE1120",2022-04-20 01:09:00,264,"BE1120",3.9793799,51.1173923,2022-02-13 16:00:00,2022-05-12 01:07:00,0
"246",397,"Litteken_1",2022-04-20 01:13:00,264,"Litteken_1",3.9793799,51.1173923,2022-02-13 16:00:00,2022-05-12 01:07:00,0
"247",398,"Litteken_3",2022-04-20 01:32:00,264,"Litteken_3",3.9793799,51.1173923,2022-02-13 16:00:00,2022-05-12 01:07:00,0
"248",399,"BE1120",2022-04-20 01:32:00,264,"BE1120",3.9793799,51.1173923,2022-02-13 16:00:00,2022-05-12 01:07:00,0
"249",400,"Litteken_1",2022-04-20 01:38:00,264,"Litteken_1",3.9793799,51.1173923,2022-02-13 16:00:00,2022-05-12 01:07:00,0
"250",401,"Litteken_5",2022-04-20 19:45:00,264,"Litteken_5",3.9793799,51.1173923,2022-02-13 16:00:00,2022-05-12 01:07:00,0
"251",402,"Litteken_5",2022-04-20 21:50:00,264,"Litteken_5",3.9793799,51.1173923,2022-02-13 16:00:00,2022-05-12 01:07:00,0
"252",403,"Litteken_1",2022-04-20 21:53:00,264,"Litteken_1",3.9793799,51.1173923,2022-02-13 16:00:00,2022-05-12 01:07:00,0
"253",403,"Litteken_1",2022-04-21 01:35:00,264,"Litteken_1",3.9793799,51.1173923,2022-02-13 16:00:00,2022-05-12 01:07:00,0
"254",404,"Litteken_1",2022-04-21 03:42:00,264,"Litteken_1",3.9793799,51.1173923,2022-02-13 16:00:00,2022-05-12 01:07:00,0
"255",405,"Litteken_5",2022-04-21 22:08:00,264,"Litteken_5",3.9793799,51.1173923,2022-02-13 16:00:00,2022-05-12 01:07:00,0
"256",406,"Litteken_5",2022-04-22 04:06:00,264,"Litteken_5",3.9793799,51.1173923,2022-02-13 16:00:00,2022-05-12 01:07:00,0
"257",408,"Litteken_5",2022-04-23 22:17:00,264,"Litteken_5",3.9793799,51.1173923,2022-02-13 16:00:00,2022-05-12 01:07:00,0
"258",409,"Litteken_1",2022-04-23 22:36:00,264,"Litteken_1",3.9793799,51.1173923,2022-02-13 16:00:00,2022-05-12 01:07:00,0
"259",410,"Litteken_5",2022-04-24 03:24:00,264,"Litteken_5",3.9793799,51.1173923,2022-02-13 16:00:00,2022-05-12 01:07:00,0
"260",411,"Litteken_1",2022-04-24 03:52:00,264,"Litteken_1",3.9793799,51.1173923,2022-02-13 16:00:00,2022-05-12 01:07:00,0
"261",412,"Litteken_3",2022-04-24 04:07:00,264,"Litteken_3",3.9793799,51.1173923,2022-02-13 16:00:00,2022-05-12 01:07:00,0
"262",413,"Litteken_5",2022-04-24 05:04:00,264,"Litteken_5",3.9793799,51.1173923,2022-02-13 16:00:00,2022-05-12 01:07:00,0
"263",414,"Litteken_1",2022-04-24 20:01:00,264,"Litteken_1",3.9793799,51.1173923,2022-02-13 16:00:00,2022-05-12 01:07:00,0
"264",416,"Litteken_1",2022-04-24 23:06:00,264,"Litteken_1",3.9793799,51.1173923,2022-02-13 16:00:00,2022-05-12 01:07:00,0
"265",417,"Litteken_1",2022-04-25 02:00:00,264,"Litteken_1",3.9793799,51.1173923,2022-02-13 16:00:00,2022-05-12 01:07:00,0
"266",418,"Litteken_5",2022-04-25 02:25:00,264,"Litteken_5",3.9793799,51.1173923,2022-02-13 16:00:00,2022-05-12 01:07:00,0
"267",419,"Litteken_1",2022-04-25 02:54:00,264,"Litteken_1",3.9793799,51.1173923,2022-02-13 16:00:00,2022-05-12 01:07:00,0
"268",420,"Litteken_1",2022-04-25 04:34:00,264,"Litteken_1",3.9793799,51.1173923,2022-02-13 16:00:00,2022-05-12 01:07:00,0
"269",421,"Litteken_5",2022-04-25 20:16:00,264,"Litteken_5",3.9793799,51.1173923,2022-02-13 16:00:00,2022-05-12 01:07:00,0
"270",422,"Litteken_1",2022-04-25 21:07:00,264,"Litteken_1",3.9793799,51.1173923,2022-02-13 16:00:00,2022-05-12 01:07:00,0
"271",423,"Litteken_5",2022-04-25 22:35:00,264,"Litteken_5",3.9793799,51.1173923,2022-02-13 16:00:00,2022-05-12 01:07:00,0
"272",424,"Litteken_5",2022-04-26 01:39:00,264,"Litteken_5",3.9793799,51.1173923,2022-02-13 16:00:00,2022-05-12 01:07:00,0
"273",425,"BE1120",2022-04-26 03:12:00,264,"BE1120",3.9793799,51.1173923,2022-02-13 16:00:00,2022-05-12 01:07:00,0
"274",427,"Litteken_3",2022-04-26 03:37:00,264,"Litteken_3",3.9793799,51.1173923,2022-02-13 16:00:00,2022-05-12 01:07:00,0
"275",428,"BE1120",2022-04-26 03:37:00,264,"BE1120",3.9793799,51.1173923,2022-02-13 16:00:00,2022-05-12 01:07:00,0
"276",429,"BE1120",2022-04-26 04:28:00,264,"BE1120",3.9793799,51.1173923,2022-02-13 16:00:00,2022-05-12 01:07:00,0
"277",431,"Litteken_3",2022-04-26 05:07:00,264,"Litteken_3",3.9793799,51.1173923,2022-02-13 16:00:00,2022-05-12 01:07:00,0
"278",432,"Litteken_5",2022-04-26 22:14:00,264,"Litteken_5",3.9793799,51.1173923,2022-02-13 16:00:00,2022-05-12 01:07:00,0
"279",433,"Litteken_1",2022-04-26 22:44:00,264,"Litteken_1",3.9793799,51.1173923,2022-02-13 16:00:00,2022-05-12 01:07:00,0
"280",434,"Litteken_3",2022-04-27 00:10:00,264,"Litteken_3",3.9793799,51.1173923,2022-02-13 16:00:00,2022-05-12 01:07:00,0
"281",436,"Litteken_1",2022-04-27 02:34:00,264,"Litteken_1",3.9793799,51.1173923,2022-02-13 16:00:00,2022-05-12 01:07:00,0
"282",437,"Litteken_1",2022-04-27 02:55:00,264,"Litteken_1",3.9793799,51.1173923,2022-02-13 16:00:00,2022-05-12 01:07:00,0
"283",438,"Litteken_1",2022-04-27 03:12:00,264,"Litteken_1",3.9793799,51.1173923,2022-02-13 16:00:00,2022-05-12 01:07:00,0
"284",439,"Litteken_1",2022-04-27 03:59:00,264,"Litteken_1",3.9793799,51.1173923,2022-02-13 16:00:00,2022-05-12 01:07:00,0
"285",440,"BE1120",2022-04-27 04:23:00,264,"BE1120",3.9793799,51.1173923,2022-02-13 16:00:00,2022-05-12 01:07:00,0
"286",441,"Litteken_5",2022-04-26 22:05:00,263,"Litteken_5",3.9808271,51.1180339,2022-03-14 15:00:00,NA,1
"287",443,"Litteken_3",2022-04-26 23:14:00,263,"Litteken_3",3.9808271,51.1180339,2022-03-14 15:00:00,NA,1
"288",444,"BE1120",2022-04-26 23:18:00,263,"BE1120",3.9808271,51.1180339,2022-03-14 15:00:00,NA,1
"289",445,"BE1120",2022-04-26 23:35:00,263,"BE1120",3.9808271,51.1180339,2022-03-14 15:00:00,NA,1
"290",447,"Litteken_3",2022-04-27 01:57:00,263,"Litteken_3",3.9808271,51.1180339,2022-03-14 15:00:00,NA,1
"291",448,"BE1120",2022-04-27 02:00:00,263,"BE1120",3.9808271,51.1180339,2022-03-14 15:00:00,NA,1
"292",451,"Litteken_1",2022-04-27 20:01:00,263,"Litteken_1",3.9808271,51.1180339,2022-03-14 15:00:00,NA,1
"293",452,"Litteken_5",2022-04-27 20:34:00,263,"Litteken_5",3.9808271,51.1180339,2022-03-14 15:00:00,NA,1
"294",453,"BE1120",2022-04-27 20:53:00,263,"BE1120",3.9808271,51.1180339,2022-03-14 15:00:00,NA,1
"295",454,"BE1120",2022-04-27 21:10:00,263,"BE1120",3.9808271,51.1180339,2022-03-14 15:00:00,NA,1
"296",457,"BE1120",2022-04-28 03:52:00,263,"BE1120",3.9808271,51.1180339,2022-03-14 15:00:00,NA,1
"297",458,"Litteken_3",2022-04-28 04:13:00,263,"Litteken_3",3.9808271,51.1180339,2022-03-14 15:00:00,NA,1
"298",459,"BE1120",2022-04-28 21:16:00,263,"BE1120",3.9808271,51.1180339,2022-03-14 15:00:00,NA,1
"299",460,"BE1120",2022-04-28 21:41:00,263,"BE1120",3.9808271,51.1180339,2022-03-14 15:00:00,NA,1
"300",461,"BE1120",2022-04-29 00:35:00,263,"BE1120",3.9808271,51.1180339,2022-03-14 15:00:00,NA,1
"301",462,"Litteken_1",2022-04-29 04:47:00,263,"Litteken_1",3.9808271,51.1180339,2022-03-14 15:00:00,NA,1
"302",463,"BE1120",2022-04-29 21:17:00,263,"BE1120",3.9808271,51.1180339,2022-03-14 15:00:00,NA,1
"303",464,"Litteken_5",2022-04-29 21:22:00,263,"Litteken_5",3.9808271,51.1180339,2022-03-14 15:00:00,NA,1
"304",465,"BE1120",2022-04-29 21:25:00,263,"BE1120",3.9808271,51.1180339,2022-03-14 15:00:00,NA,1
"305",466,"BE1120",2022-04-30 00:30:00,263,"BE1120",3.9808271,51.1180339,2022-03-14 15:00:00,NA,1
"306",467,"Litteken_3",2022-04-30 03:17:00,263,"Litteken_3",3.9808271,51.1180339,2022-03-14 15:00:00,NA,1
"307",468,"Litteken_5",2022-04-30 20:03:00,263,"Litteken_5",3.9808271,51.1180339,2022-03-14 15:00:00,NA,1
"308",470,"Litteken_3",2022-04-30 21:18:00,263,"Litteken_3",3.9808271,51.1180339,2022-03-14 15:00:00,NA,1
"309",471,"Litteken_3",2022-05-01 02:11:00,263,"Litteken_3",3.9808271,51.1180339,2022-03-14 15:00:00,NA,1
"310",472,"Litteken_3",2022-05-01 02:27:00,263,"Litteken_3",3.9808271,51.1180339,2022-03-14 15:00:00,NA,1
"311",473,"Litteken_3",2022-05-01 21:20:00,263,"Litteken_3",3.9808271,51.1180339,2022-03-14 15:00:00,NA,1
"312",474,"BE1120",2022-05-01 23:17:00,263,"BE1120",3.9808271,51.1180339,2022-03-14 15:00:00,NA,1
"313",475,"BE1120",2022-05-02 19:54:00,263,"BE1120",3.9808271,51.1180339,2022-03-14 15:00:00,NA,1
"314",476,"BE1120",2022-05-03 21:34:00,263,"BE1120",3.9808271,51.1180339,2022-03-14 15:00:00,NA,1
"315",477,"BE1120",2022-05-03 21:51:00,263,"BE1120",3.9808271,51.1180339,2022-03-14 15:00:00,NA,1
"316",478,"BE1120",2022-05-06 21:44:00,263,"BE1120",3.9808271,51.1180339,2022-03-14 15:00:00,NA,1
"317",480,"Litteken_5",2022-03-31 23:53:00,64,"Litteken_5",3.9776384,51.1159446,2022-03-14 15:00:00,NA,1
"318",482,"BE1120",2022-04-01 04:28:00,64,"BE1120",3.9776384,51.1159446,2022-03-14 15:00:00,NA,1
"319",484,"Litteken_5",2022-04-03 04:28:00,64,"Litteken_5",3.9776384,51.1159446,2022-03-14 15:00:00,NA,1
"320",485,"Litteken_1",2022-04-03 23:04:00,64,"Litteken_1",3.9776384,51.1159446,2022-03-14 15:00:00,NA,1
"321",487,"Litteken_1",2022-04-05 00:31:00,64,"Litteken_1",3.9776384,51.1159446,2022-03-14 15:00:00,NA,1
"322",488,"Litteken_1",2022-04-08 04:34:00,64,"Litteken_1",3.9776384,51.1159446,2022-03-14 15:00:00,NA,1
"323",489,"Litteken_1",2022-04-08 05:58:00,64,"Litteken_1",3.9776384,51.1159446,2022-03-14 15:00:00,NA,1
"324",490,"Litteken_5",2022-04-08 22:26:00,64,"Litteken_5",3.9776384,51.1159446,2022-03-14 15:00:00,NA,1
"325",493,"Litteken_1",2022-04-09 21:22:00,64,"Litteken_1",3.9776384,51.1159446,2022-03-14 15:00:00,NA,1
"326",494,"Litteken_1",2022-04-10 05:22:00,64,"Litteken_1",3.9776384,51.1159446,2022-03-14 15:00:00,NA,1
"327",495,"Litteken_1",2022-04-11 05:47:00,64,"Litteken_1",3.9776384,51.1159446,2022-03-14 15:00:00,NA,1
"328",496,"Litteken_1",2022-04-12 21:43:00,64,"Litteken_1",3.9776384,51.1159446,2022-03-14 15:00:00,NA,1
"329",497,"Litteken_1",2022-04-16 04:50:00,64,"Litteken_1",3.9776384,51.1159446,2022-03-14 15:00:00,NA,1
"330",499,"Litteken_5",2022-04-17 05:02:00,64,"Litteken_5",3.9776384,51.1159446,2022-03-14 15:00:00,NA,1
"331",500,"Litteken_1",2022-04-17 05:37:00,64,"Litteken_1",3.9776384,51.1159446,2022-03-14 15:00:00,NA,1
"332",501,"Litteken_1",2022-04-18 05:32:00,64,"Litteken_1",3.9776384,51.1159446,2022-03-14 15:00:00,NA,1
"333",503,"BE1120",2022-04-19 01:27:00,64,"BE1120",3.9776384,51.1159446,2022-03-14 15:00:00,NA,1
"334",504,"Litteken_5",2022-04-19 04:54:00,64,"Litteken_5",3.9776384,51.1159446,2022-03-14 15:00:00,NA,1
"335",506,"Litteken_5",2022-04-21 05:02:00,64,"Litteken_5",3.9776384,51.1159446,2022-03-14 15:00:00,NA,1
"336",507,"Litteken_1",2022-04-26 02:56:00,64,"Litteken_1",3.9776384,51.1159446,2022-03-14 15:00:00,NA,1
"337",508,"Litteken_5",2022-04-26 04:58:00,64,"Litteken_5",3.9776384,51.1159446,2022-03-14 15:00:00,NA,1
"338",509,"Litteken_1",2022-04-26 05:12:00,64,"Litteken_1",3.9776384,51.1159446,2022-03-14 15:00:00,NA,1
